{"BTC":6916.73,"ETH":241.14,"XRP":0.2876,"BCH":538.49,"EOS":5.43,"LTC":60.25,"XLM":0.2098,"ADA":0.0875,"TRX":0.02196,"XMR":119.22,"NEO":20.43,"DASH":180.72,"BNB":10.26,"ETC":12.23,"VEN":1.54,"XEM":0.1056,"ONT":1.97,"QTUM":4.04,"OMG":3.98,"ZEC":134.64,"ICX":0.8058,"LSK":3.88,"DCR":37.8,"ZIL":0.0397,"BCN":0.002282,"AE":1.04,"BTG":20.04,"BTM":0.177,"SC":0.006224,"BTS":0.1057,"XVG":0.0152,"STEEM":0.8637,"ZRX":0.6481,"REP":18.01,"BCD":3.04,"MKR":436.48,"XRB":2.53,"DOGE":0.004968,"WAVES":2.13,"RHOC":0.35,"GNT":0.1522,"DGB":0.02932,"NAS":1.65,"STRAT":1.67,"PPT":4.16,"WAN":1.13,"BAT":0.1928,"BTCP":3.68,"HSR":2.81,"SNT":0.03772,"HT":1.87,"KCS":1.33,"IOST":0.01307,"DGD":42.33,"LRC":0.1059,"WTC":4.22,"KMD":1.34,"ARK":0.738,"MITH":0.3,"GAS":7.1,"MCO":4.43,"NXT":0.0704,"ICN":0.4398}