{"BTC":6351.67,"ETH":206.66,"XRP":0.5128,"BCH":514.67,"EOS":5.3,"LTC":49.4,"XLM":0.2589,"ADA":0.07303,"TRX":0.02243,"XMR":105.92,"NEO":15.59,"DASH":163.31,"BNB":9.2,"ETC":9.09,"VEN":1.49,"XEM":0.1166,"ONT":1.57,"QTUM":3.75,"OMG":3.22,"ZEC":131.53,"ICX":0.5418,"LSK":2.7,"DCR":38.95,"ZIL":0.03315,"BCN":0.001207,"AE":1.13,"BTG":28.43,"BTM":0.0275,"SC":0.005525,"BTS":0.09237,"XVG":0.01238,"STEEM":0.7221,"ZRX":0.6276,"REP":13.2,"BCD":1.66,"MKR":679.85,"XRB":2.53,"DOGE":0.003006,"WAVES":1.76,"RHOC":0.1051,"GNT":0.155,"DGB":0.01937,"NAS":1.3,"STRAT":1.37,"PPT":3.15,"WAN":0.8821,"BAT":0.2515,"BTCP":2.05,"HSR":1.59,"SNT":0.03505,"HT":1.49,"KCS":1.1,"IOST":0.01149,"DGD":35.96,"LRC":0.09353,"WTC":2.7,"KMD":1.19,"ARK":0.675,"MITH":0.2603,"GAS":4.7,"MCO":4.17,"NXT":0.06216,"ICN":0.3656}