{"BTC":6460.38,"ETH":203.19,"XRP":0.4602,"BCH":438.84,"EOS":5.43,"LTC":51.53,"XLM":0.2341,"ADA":0.07349,"TRX":0.02378,"XMR":104.66,"NEO":16.16,"DASH":157.04,"BNB":9.66,"ETC":9.58,"VEN":1.63,"XEM":0.09431,"ONT":1.76,"QTUM":4.01,"OMG":3.23,"ZEC":122.56,"ICX":0.6326,"LSK":2.81,"DCR":43.99,"ZIL":0.03605,"BCN":0.001292,"AE":1.28,"BTG":27.16,"BTM":0.02946,"SC":0.007042,"BTS":0.0993,"XVG":0.01467,"STEEM":0.7791,"ZRX":0.8145,"REP":14.83,"BCD":1.56,"MKR":623.79,"XRB":2.53,"DOGE":0.004111,"WAVES":1.89,"RHOC":0.09878,"GNT":0.175,"DGB":0.02345,"NAS":1.51,"STRAT":1.66,"PPT":3.43,"WAN":1.07,"BAT":0.254,"BTCP":2.15,"HSR":1.88,"SNT":0.03734,"HT":1.6,"KCS":1.11,"IOST":0.01266,"DGD":40.01,"LRC":0.1138,"WTC":3.23,"KMD":1.41,"ARK":0.7901,"MITH":0.2752,"GAS":5.19,"MCO":4.68,"NXT":0.06015,"ICN":0.3553}