{"BTC":6395.82,"ETH":209.28,"XRP":0.3237,"BCH":429.87,"EOS":5.21,"LTC":54.23,"XLM":0.205,"ADA":0.07151,"TRX":0.0196,"XMR":109.44,"NEO":17.07,"DASH":191.78,"BNB":9.61,"ETC":10.76,"VEN":1.41,"XEM":0.08698,"ONT":1.71,"QTUM":3.3,"OMG":3.13,"ZEC":112.99,"ICX":0.5896,"LSK":3.38,"DCR":36.12,"ZIL":0.03272,"BCN":0.001853,"AE":0.9394,"BTG":21.09,"BTM":0.04166,"SC":0.005304,"BTS":0.1148,"XVG":0.0135,"STEEM":0.7956,"ZRX":0.5272,"REP":12.48,"BCD":1.49,"MKR":399,"XRB":2.53,"DOGE":0.005622,"WAVES":2.31,"RHOC":0.2528,"GNT":0.139,"DGB":0.02626,"NAS":1.32,"STRAT":1.32,"PPT":3.03,"WAN":0.9144,"BAT":0.1497,"BTCP":2.91,"HSR":2.13,"SNT":0.03349,"HT":1.71,"KCS":1.07,"IOST":0.01195,"DGD":34.1,"LRC":0.09291,"WTC":2.99,"KMD":1.02,"ARK":0.6639,"MITH":0.2578,"GAS":4.98,"MCO":4.3,"NXT":0.0656,"ICN":0.3843}