{"BTC":6589.36,"ETH":230.76,"XRP":0.5709,"BCH":530.56,"EOS":5.74,"LTC":60.12,"XLM":0.2574,"ADA":0.086,"TRX":0.02208,"XMR":114.26,"NEO":18.63,"DASH":187.56,"BNB":9.93,"ETC":11.21,"VEN":2.71,"XEM":0.1053,"ONT":1.97,"QTUM":3.74,"OMG":3.62,"ZEC":127.65,"ICX":0.6446,"LSK":3.28,"DCR":38.85,"ZIL":0.03658,"BCN":0.002241,"AE":1.1,"BTG":25.41,"BTM":0.02768,"SC":0.006591,"BTS":0.1122,"XVG":0.01629,"STEEM":0.8607,"ZRX":0.6316,"REP":13.35,"BCD":1.45,"MKR":491.5,"XRB":2.53,"DOGE":0.005986,"WAVES":2.16,"RHOC":0.2395,"GNT":0.1543,"DGB":0.02531,"NAS":1.78,"STRAT":1.58,"PPT":3.15,"WAN":1.01,"BAT":0.1742,"BTCP":2.58,"HSR":2.21,"SNT":0.03723,"HT":1.84,"KCS":1.28,"IOST":0.01305,"DGD":38.7,"LRC":0.1011,"WTC":2.91,"KMD":1.17,"ARK":0.7222,"MITH":0.2858,"GAS":5.87,"MCO":4.46,"NXT":0.06907,"ICN":0.3912}