{"BTC":6641.18,"ETH":234.33,"XRP":0.5878,"BCH":533.21,"EOS":5.79,"LTC":61.5,"XLM":0.26,"ADA":0.08523,"TRX":0.0224,"XMR":115.63,"NEO":19.1,"DASH":188.39,"BNB":10.03,"ETC":11.37,"VEN":1.41,"XEM":0.09893,"ONT":2.01,"QTUM":3.86,"OMG":3.74,"ZEC":130.67,"ICX":0.6372,"LSK":3.37,"DCR":39.23,"ZIL":0.03537,"BCN":0.00219,"AE":1.08,"BTG":25.93,"BTM":0.0286,"SC":0.006239,"BTS":0.1147,"XVG":0.01527,"STEEM":0.884,"ZRX":0.6483,"REP":13.53,"BCD":1.54,"MKR":493.02,"XRB":2.53,"DOGE":0.00593,"WAVES":2.21,"RHOC":0.2381,"GNT":0.1538,"DGB":0.02575,"NAS":1.73,"STRAT":1.59,"PPT":3.21,"WAN":0.9829,"BAT":0.1699,"BTCP":2.58,"HSR":2.28,"SNT":0.0373,"HT":1.95,"KCS":1.31,"IOST":0.01254,"DGD":39.6,"LRC":0.1041,"WTC":3,"KMD":1.2,"ARK":0.7152,"MITH":0.2927,"GAS":6.03,"MCO":4.47,"NXT":0.06935,"ICN":0.3893}