{"BTC":6681.84,"ETH":228.42,"XRP":0.5417,"BCH":563.73,"EOS":5.82,"LTC":63.09,"XLM":0.26,"ADA":0.08766,"TRX":0.0224,"XMR":118.86,"NEO":19.07,"DASH":195.6,"BNB":10.05,"ETC":11.39,"VEN":5.71,"XEM":0.1025,"ONT":1.92,"QTUM":3.99,"OMG":3.65,"ZEC":140.79,"ICX":0.6648,"LSK":3.31,"DCR":38.66,"ZIL":0.03541,"BCN":0.002338,"AE":1.01,"BTG":26.88,"BTM":0.02599,"SC":0.00628,"BTS":0.1185,"XVG":0.01516,"STEEM":0.9332,"ZRX":0.6813,"REP":13.5,"BCD":1.51,"MKR":465.67,"XRB":2.53,"DOGE":0.006064,"WAVES":2.29,"RHOC":0.2716,"GNT":0.1435,"DGB":0.02712,"NAS":1.42,"STRAT":1.59,"PPT":3.27,"WAN":0.9466,"BAT":0.177,"BTCP":2.83,"HSR":2.29,"SNT":0.03822,"HT":1.71,"KCS":1.34,"IOST":0.01283,"DGD":37.64,"LRC":0.09802,"WTC":2.91,"KMD":1.19,"ARK":0.737,"MITH":0.2976,"GAS":5.48,"MCO":4.5,"NXT":0.072,"ICN":0.3989}