{"BTC":6706.05,"ETH":243.92,"XRP":0.5734,"BCH":491.24,"EOS":6.07,"LTC":61.68,"XLM":0.2821,"ADA":0.0895,"TRX":0.02389,"XMR":123.09,"NEO":19.65,"DASH":204.52,"BNB":10.31,"ETC":11.56,"VEN":1.61,"XEM":0.09973,"ONT":2.08,"QTUM":4.19,"OMG":3.64,"ZEC":130.56,"ICX":0.7289,"LSK":3.49,"DCR":38.77,"ZIL":0.03608,"BCN":0.002079,"AE":1.02,"BTG":22.9,"BTM":0.02334,"SC":0.007041,"BTS":0.1246,"XVG":0.01542,"STEEM":0.9066,"ZRX":0.6483,"REP":13.56,"BCD":1.87,"MKR":473.48,"XRB":2.53,"DOGE":0.005862,"WAVES":2.29,"RHOC":0.3244,"GNT":0.1488,"DGB":0.02709,"NAS":1.45,"STRAT":1.58,"PPT":3.13,"WAN":1.02,"BAT":0.1773,"BTCP":3.01,"HSR":2.36,"SNT":0.04,"HT":1.76,"KCS":1.2,"IOST":0.01314,"DGD":39.43,"LRC":0.1036,"WTC":3.1,"KMD":1.2,"ARK":0.7355,"MITH":0.2866,"GAS":5.42,"MCO":4.46,"NXT":0.07642,"ICN":0.4227}