{"BTC":6469.7,"ETH":203.09,"XRP":0.4558,"BCH":443.36,"EOS":5.39,"LTC":52.89,"XLM":0.2483,"ADA":0.07574,"TRX":0.02447,"XMR":105.64,"NEO":16.8,"DASH":154.65,"BNB":9.8,"ETC":9.65,"VEN":0.9951,"XEM":0.09534,"ONT":1.81,"QTUM":4.02,"OMG":3.33,"ZEC":121.3,"ICX":0.7143,"LSK":2.83,"DCR":38.96,"ZIL":0.03397,"BCN":0.001359,"AE":1.31,"BTG":26.48,"BTM":0.02801,"SC":0.006599,"BTS":0.09808,"XVG":0.01457,"STEEM":0.8042,"ZRX":0.9152,"REP":12.43,"BCD":1.56,"MKR":672.33,"XRB":2.53,"DOGE":0.004569,"WAVES":1.98,"RHOC":0.1436,"GNT":0.1562,"DGB":0.0251,"NAS":1.62,"STRAT":1.39,"PPT":3.39,"WAN":1.01,"BAT":0.2419,"BTCP":2.43,"HSR":1.87,"SNT":0.03552,"HT":1.63,"KCS":1.08,"IOST":0.01197,"DGD":43.84,"LRC":0.1086,"WTC":2.92,"KMD":1.27,"ARK":0.7447,"MITH":0.2552,"GAS":5.14,"MCO":4.4,"NXT":0.061,"ICN":0.3494}