{"BTC":6512.17,"ETH":204.52,"XRP":0.4602,"BCH":448.58,"EOS":5.5,"LTC":52.66,"XLM":0.2455,"ADA":0.07825,"TRX":0.02454,"XMR":106.89,"NEO":16.81,"DASH":157.13,"BNB":9.79,"ETC":9.64,"VEN":0.6,"XEM":0.1014,"ONT":1.82,"QTUM":4.26,"OMG":3.39,"ZEC":126.82,"ICX":0.6988,"LSK":2.85,"DCR":38.47,"ZIL":0.03418,"BCN":0.001367,"AE":1.37,"BTG":26.78,"BTM":0.02969,"SC":0.007032,"BTS":0.1038,"XVG":0.01445,"STEEM":0.8184,"ZRX":0.8812,"REP":13.35,"BCD":1.47,"MKR":681.18,"XRB":2.53,"DOGE":0.004495,"WAVES":1.99,"RHOC":0.1372,"GNT":0.1648,"DGB":0.025,"NAS":1.67,"STRAT":1.43,"PPT":3.43,"WAN":0.9929,"BAT":0.2693,"BTCP":2.29,"HSR":1.9,"SNT":0.036,"HT":1.63,"KCS":1.11,"IOST":0.01224,"DGD":45.45,"LRC":0.1114,"WTC":2.85,"KMD":1.27,"ARK":0.7605,"MITH":0.2589,"GAS":5.27,"MCO":4.56,"NXT":0.061,"ICN":0.3498}