{"BTC":6250.59,"ETH":198.49,"XRP":0.3947,"BCH":445.13,"EOS":5.27,"LTC":52.15,"XLM":0.2124,"ADA":0.07317,"TRX":0.02162,"XMR":102.39,"NEO":16.03,"DASH":161.57,"BNB":9.41,"ETC":9.73,"VEN":1.31,"XEM":0.09201,"ONT":1.8,"QTUM":3.51,"OMG":3.09,"ZEC":112.85,"ICX":0.6338,"LSK":3.06,"DCR":36.55,"ZIL":0.03239,"BCN":0.001438,"AE":1.1,"BTG":24.31,"BTM":0.1803,"SC":0.006126,"BTS":0.09883,"XVG":0.0144,"STEEM":0.8007,"ZRX":0.8151,"REP":11.74,"BCD":1.34,"MKR":634.82,"XRB":2.53,"DOGE":0.004937,"WAVES":1.95,"RHOC":0.1875,"GNT":0.1483,"DGB":0.02432,"NAS":1.79,"STRAT":1.34,"PPT":3.12,"WAN":0.9476,"BAT":0.1691,"BTCP":2.51,"HSR":1.95,"SNT":0.03404,"HT":1.58,"KCS":1.03,"IOST":0.01148,"DGD":36.8,"LRC":0.1,"WTC":2.71,"KMD":1.03,"ARK":0.6582,"MITH":0.2395,"GAS":5.04,"MCO":4.19,"NXT":0.0611,"ICN":0.3466}