{"BTC":6698.19,"ETH":239.39,"XRP":0.5625,"BCH":482.9,"EOS":5.92,"LTC":60.25,"XLM":0.2389,"ADA":0.08286,"TRX":0.02327,"XMR":122.34,"NEO":18.74,"DASH":203.51,"BNB":10.23,"ETC":11.44,"VEN":1.54,"XEM":0.09871,"ONT":2.06,"QTUM":3.79,"OMG":3.55,"ZEC":123.87,"ICX":0.7422,"LSK":3.33,"DCR":37.82,"ZIL":0.0351,"BCN":0.00201,"AE":1.01,"BTG":22.44,"BTM":0.03336,"SC":0.005761,"BTS":0.1223,"XVG":0.015,"STEEM":0.8675,"ZRX":0.6167,"REP":13.7,"BCD":1.51,"MKR":440.64,"XRB":2.53,"DOGE":0.005762,"WAVES":2.19,"RHOC":0.3211,"GNT":0.1446,"DGB":0.02613,"NAS":1.43,"STRAT":1.51,"PPT":3.11,"WAN":1,"BAT":0.1778,"BTCP":2.9,"HSR":2.32,"SNT":0.03738,"HT":1.75,"KCS":1.14,"IOST":0.013,"DGD":40.28,"LRC":0.1054,"WTC":3,"KMD":1.15,"ARK":0.7114,"MITH":0.2922,"GAS":5.21,"MCO":4.42,"NXT":0.07251,"ICN":0.4177}