{"BTC":6367.21,"ETH":211.23,"XRP":0.3237,"BCH":436.83,"EOS":5.12,"LTC":54.24,"XLM":0.2078,"ADA":0.06908,"TRX":0.0194,"XMR":112.57,"NEO":17.07,"DASH":187.14,"BNB":9.58,"ETC":10.66,"VEN":1.39,"XEM":0.08749,"ONT":1.74,"QTUM":3.31,"OMG":3.18,"ZEC":112.35,"ICX":0.5743,"LSK":3.44,"DCR":36.64,"ZIL":0.03303,"BCN":0.001909,"AE":0.9547,"BTG":21.3,"BTM":0.02921,"SC":0.005283,"BTS":0.1153,"XVG":0.01333,"STEEM":0.823,"ZRX":0.5238,"REP":12.52,"BCD":1.39,"MKR":432.06,"XRB":2.53,"DOGE":0.0061,"WAVES":2.23,"RHOC":0.2261,"GNT":0.1407,"DGB":0.02603,"NAS":1.33,"STRAT":1.33,"PPT":3.15,"WAN":0.8981,"BAT":0.148,"BTCP":3.02,"HSR":2.12,"SNT":0.0336,"HT":1.73,"KCS":1.04,"IOST":0.0119,"DGD":33.72,"LRC":0.09202,"WTC":3.12,"KMD":1.02,"ARK":0.6797,"MITH":0.2569,"GAS":4.99,"MCO":4.3,"NXT":0.0651,"ICN":0.3619}