{"BTC":6620.96,"ETH":227.58,"XRP":0.5207,"BCH":521.9,"EOS":5.83,"LTC":59.02,"XLM":0.247,"ADA":0.0829,"TRX":0.0232,"XMR":114.75,"NEO":18.23,"DASH":183.07,"BNB":10.63,"ETC":11.1,"VEN":0.2087,"XEM":0.1066,"ONT":1.95,"QTUM":3.81,"OMG":3.52,"ZEC":127.78,"ICX":0.6985,"LSK":3.24,"DCR":42.25,"ZIL":0.03636,"BCN":0.00225,"AE":1.07,"BTG":27.12,"BTM":0.1889,"SC":0.007611,"BTS":0.1122,"XVG":0.01555,"STEEM":0.8664,"ZRX":0.6421,"REP":12.77,"BCD":1.59,"MKR":591.42,"XRB":2.53,"DOGE":0.005625,"WAVES":2.23,"RHOC":0.2115,"GNT":0.1532,"DGB":0.02707,"NAS":1.77,"STRAT":1.55,"PPT":3.37,"WAN":1.09,"BAT":0.1806,"BTCP":2.57,"HSR":2.36,"SNT":0.03763,"HT":1.78,"KCS":1.21,"IOST":0.01278,"DGD":39.23,"LRC":0.1181,"WTC":2.87,"KMD":1.15,"ARK":0.6996,"MITH":0.2842,"GAS":5.64,"MCO":4.54,"NXT":0.06855,"ICN":0.3902}