{"BTC":6298.01,"ETH":197.94,"XRP":0.4188,"BCH":444.53,"EOS":5.24,"LTC":52.45,"XLM":0.2146,"ADA":0.07276,"TRX":0.02438,"XMR":102.48,"NEO":15.96,"DASH":160.18,"BNB":9.62,"ETC":9.51,"VEN":1.4,"XEM":0.09302,"ONT":1.78,"QTUM":3.37,"OMG":3.07,"ZEC":110.75,"ICX":0.6462,"LSK":2.81,"DCR":37.3,"ZIL":0.03319,"BCN":0.001323,"AE":1.16,"BTG":25.26,"BTM":0.02734,"SC":0.006362,"BTS":0.09731,"XVG":0.01431,"STEEM":0.8321,"ZRX":0.7024,"REP":12.21,"BCD":1.33,"MKR":649.21,"XRB":2.53,"DOGE":0.005052,"WAVES":1.9,"RHOC":0.1789,"GNT":0.1466,"DGB":0.02431,"NAS":1.91,"STRAT":1.35,"PPT":3.26,"WAN":0.9681,"BAT":0.1744,"BTCP":2.43,"HSR":1.85,"SNT":0.0349,"HT":1.59,"KCS":1.03,"IOST":0.01147,"DGD":40.42,"LRC":0.1067,"WTC":2.72,"KMD":1.11,"ARK":0.703,"MITH":0.2476,"GAS":5.01,"MCO":4.22,"NXT":0.06129,"ICN":0.328}