{"BTC":6558.58,"ETH":226.8,"XRP":0.532,"BCH":539,"EOS":5.66,"LTC":59.75,"XLM":0.2496,"ADA":0.0852,"TRX":0.0221,"XMR":118.54,"NEO":18.66,"DASH":182.55,"BNB":10.61,"ETC":11.17,"VEN":0.9,"XEM":0.1082,"ONT":1.99,"QTUM":3.82,"OMG":3.58,"ZEC":126.32,"ICX":0.7129,"LSK":3.28,"DCR":38.75,"ZIL":0.03996,"BCN":0.002295,"AE":1.06,"BTG":25.66,"BTM":0.02708,"SC":0.006949,"BTS":0.1121,"XVG":0.01545,"STEEM":0.8608,"ZRX":0.6371,"REP":13.36,"BCD":1.62,"MKR":500.49,"XRB":2.53,"DOGE":0.005858,"WAVES":2.14,"RHOC":0.2186,"GNT":0.1575,"DGB":0.02622,"NAS":1.74,"STRAT":1.55,"PPT":3.21,"WAN":1.03,"BAT":0.1738,"BTCP":2.62,"HSR":2.38,"SNT":0.03823,"HT":1.81,"KCS":1.24,"IOST":0.0135,"DGD":38.25,"LRC":0.1074,"WTC":2.92,"KMD":1.14,"ARK":0.7172,"MITH":0.2886,"GAS":5.86,"MCO":4.55,"NXT":0.06823,"ICN":0.3865}