{"BTC":6538.73,"ETH":223.07,"XRP":0.468,"BCH":465.88,"EOS":5.85,"LTC":57.25,"XLM":0.237,"ADA":0.08191,"TRX":0.02192,"XMR":115.75,"NEO":18.55,"DASH":199.29,"BNB":10.07,"ETC":11.21,"VEN":1.83,"XEM":0.08913,"ONT":1.82,"QTUM":3.57,"OMG":3.4,"ZEC":120.98,"ICX":0.6253,"LSK":3.33,"DCR":37.07,"ZIL":0.0346,"BCN":0.001959,"AE":0.978,"BTG":21.68,"BTM":0.03898,"SC":0.005549,"BTS":0.1245,"XVG":0.0147,"STEEM":0.8278,"ZRX":0.5795,"REP":13.16,"BCD":1.52,"MKR":420.12,"XRB":2.53,"DOGE":0.005757,"WAVES":2.35,"RHOC":0.2827,"GNT":0.1428,"DGB":0.02585,"NAS":1.41,"STRAT":1.39,"PPT":3.1,"WAN":0.9793,"BAT":0.1669,"BTCP":3.03,"HSR":2.24,"SNT":0.03661,"HT":1.76,"KCS":1.11,"IOST":0.01253,"DGD":35.6,"LRC":0.09437,"WTC":3.06,"KMD":1.09,"ARK":0.7023,"MITH":0.305,"GAS":5.39,"MCO":4.32,"NXT":0.0687,"ICN":0.3788}