{"ZIL":0.035,"BCN":0.001275,"AE":1.19,"BTG":27.07,"BTM":0.03697,"SC":0.006438,"BTS":0.09626,"XVG":0.01402,"STEEM":0.7924,"ZRX":0.8,"REP":15.55,"BCD":1.46,"MKR":628.36,"XRB":2.53,"DOGE":0.003882,"WAVES":1.86,"RHOC":0.08594,"GNT":0.1695,"DGB":0.02218,"NAS":1.45,"STRAT":1.59,"PPT":3.7,"WAN":1.07,"BAT":0.2887,"BTCP":1.99,"HSR":1.78,"SNT":0.03831,"HT":1.52,"KCS":1.11,"IOST":0.01205,"DGD":41.55,"LRC":0.1174,"WTC":3.31,"KMD":1.27,"ARK":0.8,"MITH":0.2583,"GAS":5.03,"MCO":4.51,"NXT":0.06324,"ICN":0.3442,"BTC":6374.39,"ETH":199.5,"XRP":0.4558,"BCH":479.09,"EOS":5.31,"LTC":50.89,"XLM":0.2365,"ADA":0.07225,"TRX":0.02282,"XMR":107.26,"NEO":15.97,"DASH":156.2,"BNB":9.57,"ETC":9.12,"VEN":0.5169,"XEM":0.0954,"ONT":1.66,"QTUM":3.87,"OMG":3.2,"ZEC":117.59,"ICX":0.668,"LSK":2.74,"DCR":40.32}