{"BTC":7368.51,"ETH":285.26,"XRP":0.3318,"BCH":624.35,"EOS":6.48,"LTC":68.35,"XLM":0.231,"ADA":0.1058,"TRX":0.0254,"XMR":137.62,"NEO":24.65,"DASH":216.51,"BNB":11.37,"ETC":13.96,"VEN":1.88,"XEM":0.1207,"ONT":2.42,"QTUM":4.78,"OMG":4.83,"ZEC":156.25,"ICX":1.17,"LSK":4.48,"DCR":42.9,"ZIL":0.04604,"BCN":0.002578,"AE":1.18,"BTG":21.61,"BTM":0.1733,"SC":0.007661,"BTS":0.122,"XVG":0.01823,"STEEM":1.03,"ZRX":0.801,"REP":20.68,"BCD":1.05,"MKR":473.31,"XRB":2.53,"DOGE":0.005195,"WAVES":2.3,"RHOC":0.3861,"GNT":0.1847,"DGB":0.03434,"NAS":2,"STRAT":1.96,"PPT":4.56,"WAN":1.35,"BAT":0.2319,"BTCP":4.11,"HSR":3.27,"SNT":0.04439,"HT":2.1,"KCS":1.52,"IOST":0.01656,"DGD":52.95,"LRC":0.1243,"WTC":4.99,"KMD":1.55,"ARK":0.8797,"MITH":0.372,"GAS":8.8,"MCO":5.14,"NXT":0.07999,"ICN":0.506}