{"BTC":6303.87,"ETH":194.93,"XRP":0.2642,"BCH":461.95,"EOS":5,"LTC":53.66,"XLM":0.1903,"ADA":0.07306,"TRX":0.0192,"XMR":105.24,"NEO":18.42,"DASH":199.97,"BNB":9.48,"ETC":11.26,"VEN":1.73,"XEM":0.09772,"ONT":1.83,"QTUM":3.53,"OMG":3.41,"ZEC":118.6,"ICX":0.6217,"LSK":3.55,"DCR":36.37,"ZIL":0.03398,"BCN":0.002017,"AE":0.9021,"BTG":19.37,"BTM":0.1531,"SC":0.005484,"BTS":0.09626,"XVG":0.01268,"STEEM":0.7571,"ZRX":0.5551,"REP":14.1,"BCD":2.06,"MKR":339.28,"XRB":2.53,"DOGE":0.006999,"WAVES":2.27,"RHOC":0.2235,"GNT":0.1326,"DGB":0.0237,"NAS":1.47,"STRAT":1.39,"PPT":3.65,"WAN":0.8876,"BAT":0.1506,"BTCP":3.12,"HSR":2.41,"SNT":0.03322,"HT":1.65,"KCS":1.15,"IOST":0.01156,"DGD":37.73,"LRC":0.08971,"WTC":3.32,"KMD":1.08,"ARK":0.616,"MITH":0.278,"GAS":6.01,"MCO":4.6,"NXT":0.063,"ICN":0.3721}