{"BTC":6469.84,"ETH":202.83,"XRP":0.459,"BCH":438.97,"EOS":5.42,"LTC":51.88,"XLM":0.2312,"ADA":0.07527,"TRX":0.02344,"XMR":104.63,"NEO":16.12,"DASH":155.15,"BNB":9.69,"ETC":9.58,"VEN":1.62,"XEM":0.09454,"ONT":1.71,"QTUM":3.98,"OMG":3.22,"ZEC":120.8,"ICX":0.5648,"LSK":2.8,"DCR":43.24,"ZIL":0.03526,"BCN":0.001359,"AE":1.26,"BTG":27.37,"BTM":0.03073,"SC":0.007181,"BTS":0.09724,"XVG":0.01477,"STEEM":0.7809,"ZRX":0.7913,"REP":14.38,"BCD":1.58,"MKR":626.51,"XRB":2.53,"DOGE":0.004227,"WAVES":1.91,"RHOC":0.07738,"GNT":0.1731,"DGB":0.02355,"NAS":1.49,"STRAT":1.63,"PPT":3.37,"WAN":1.01,"BAT":0.2423,"BTCP":2.16,"HSR":1.83,"SNT":0.03623,"HT":1.59,"KCS":1.12,"IOST":0.01216,"DGD":39.43,"LRC":0.1132,"WTC":3.11,"KMD":1.39,"ARK":0.7796,"MITH":0.2664,"GAS":5.15,"MCO":4.66,"NXT":0.05978,"ICN":0.3558}