{"BTC":6751.08,"ETH":248.12,"XRP":0.5749,"BCH":500.05,"EOS":6.17,"LTC":61,"XLM":0.2501,"ADA":0.08721,"TRX":0.02449,"XMR":123.84,"NEO":19.69,"DASH":208.5,"BNB":10.41,"ETC":11.7,"VEN":1.15,"XEM":0.09964,"ONT":1.99,"QTUM":3.85,"OMG":3.66,"ZEC":126.08,"ICX":0.6819,"LSK":3.43,"DCR":38.49,"ZIL":0.03777,"BCN":0.002026,"AE":1.05,"BTG":22.7,"BTM":0.03647,"SC":0.006011,"BTS":0.1273,"XVG":0.016,"STEEM":0.8624,"ZRX":0.6262,"REP":14.43,"BCD":1.77,"MKR":442.5,"XRB":2.53,"DOGE":0.005603,"WAVES":2.29,"RHOC":0.3143,"GNT":0.1469,"DGB":0.02701,"NAS":1.52,"STRAT":1.57,"PPT":3.22,"WAN":1.06,"BAT":0.1794,"BTCP":3.07,"HSR":2.39,"SNT":0.03924,"HT":1.82,"KCS":1.19,"IOST":0.01378,"DGD":39.29,"LRC":0.1004,"WTC":3.14,"KMD":1.18,"ARK":0.7483,"MITH":0.2949,"GAS":5.46,"MCO":4.49,"NXT":0.07337,"ICN":0.3985}