{"BTC":6643.92,"ETH":229.31,"XRP":0.49,"BCH":529.27,"EOS":5.93,"LTC":59.36,"XLM":0.248,"ADA":0.08666,"TRX":0.02686,"XMR":114.46,"NEO":18.59,"DASH":183.53,"BNB":10.5,"ETC":10.97,"VEN":1.22,"XEM":0.1093,"ONT":2.08,"QTUM":3.91,"OMG":3.53,"ZEC":126.41,"ICX":0.766,"LSK":3.28,"DCR":44.22,"ZIL":0.03668,"BCN":0.002193,"AE":1.07,"BTG":27.55,"BTM":0.02777,"SC":0.007574,"BTS":0.1116,"XVG":0.01633,"STEEM":0.885,"ZRX":0.7238,"REP":13.35,"BCD":1.6,"MKR":768.07,"XRB":2.53,"DOGE":0.005581,"WAVES":2.18,"RHOC":0.2094,"GNT":0.159,"DGB":0.02624,"NAS":1.76,"STRAT":1.54,"PPT":3.7,"WAN":1.08,"BAT":0.1785,"BTCP":2.87,"HSR":2.29,"SNT":0.04053,"HT":1.79,"KCS":1.15,"IOST":0.01316,"DGD":41.46,"LRC":0.1106,"WTC":3.1,"KMD":1.13,"ARK":0.7295,"MITH":0.2851,"GAS":5.85,"MCO":4.57,"NXT":0.06858,"ICN":0.3968}