{"BTC":6638.84,"ETH":227.84,"XRP":0.4823,"BCH":518.46,"EOS":5.95,"LTC":58.7,"XLM":0.247,"ADA":0.08648,"TRX":0.02622,"XMR":113.79,"NEO":18.39,"DASH":180.76,"BNB":10.4,"ETC":10.93,"VEN":1.66,"XEM":0.107,"ONT":2.08,"QTUM":3.84,"OMG":3.51,"ZEC":126.1,"ICX":0.8113,"LSK":3.29,"DCR":41.47,"ZIL":0.03831,"BCN":0.001793,"AE":1.09,"BTG":27.19,"BTM":0.0257,"SC":0.00737,"BTS":0.1102,"XVG":0.016,"STEEM":0.8904,"ZRX":0.7655,"REP":13.11,"BCD":1.57,"MKR":745.23,"XRB":2.53,"DOGE":0.005621,"WAVES":2.14,"RHOC":0.2142,"GNT":0.1608,"DGB":0.02669,"NAS":1.99,"STRAT":1.51,"PPT":3.71,"WAN":1.09,"BAT":0.1809,"BTCP":2.88,"HSR":2.25,"SNT":0.03934,"HT":1.8,"KCS":1.12,"IOST":0.01308,"DGD":41.63,"LRC":0.1197,"WTC":3.33,"KMD":1.13,"ARK":0.7522,"MITH":0.2781,"GAS":5.93,"MCO":4.66,"NXT":0.06688,"ICN":0.3626}