{"BTC":6488.88,"ETH":205.4,"XRP":0.4646,"BCH":452.04,"EOS":5.48,"LTC":53.37,"XLM":0.2502,"ADA":0.07635,"TRX":0.02464,"XMR":106.05,"NEO":16.95,"DASH":157.5,"BNB":9.79,"ETC":9.67,"VEN":0.6,"XEM":0.09623,"ONT":1.84,"QTUM":4.12,"OMG":3.38,"ZEC":126.95,"ICX":0.6976,"LSK":2.85,"DCR":38.52,"ZIL":0.03452,"BCN":0.001362,"AE":1.42,"BTG":26.82,"BTM":0.07896,"SC":0.006942,"BTS":0.1002,"XVG":0.01427,"STEEM":0.8214,"ZRX":0.9025,"REP":12.51,"BCD":1.47,"MKR":681.96,"XRB":2.53,"DOGE":0.004513,"WAVES":1.98,"RHOC":0.1421,"GNT":0.1558,"DGB":0.02511,"NAS":1.66,"STRAT":1.43,"PPT":3.53,"WAN":1.02,"BAT":0.235,"BTCP":2.49,"HSR":1.88,"SNT":0.03594,"HT":1.63,"KCS":1.09,"IOST":0.01219,"DGD":46.96,"LRC":0.1124,"WTC":2.93,"KMD":1.3,"ARK":0.7732,"MITH":0.2593,"GAS":5.34,"MCO":4.49,"NXT":0.06171,"ICN":0.3631}