{"BTC":6525.34,"ETH":221.59,"XRP":0.2801,"BCH":448.37,"EOS":5.39,"LTC":56.54,"XLM":0.2022,"ADA":0.06956,"TRX":0.01986,"XMR":119.41,"NEO":18.15,"DASH":190.87,"BNB":10.07,"ETC":11.4,"VEN":1.56,"XEM":0.08972,"ONT":1.84,"QTUM":3.48,"OMG":3.54,"ZEC":120.31,"ICX":0.5953,"LSK":3.33,"DCR":38.45,"ZIL":0.03381,"BCN":0.001958,"AE":1.01,"BTG":20.39,"BTM":0.1291,"SC":0.005483,"BTS":0.1183,"XVG":0.0135,"STEEM":0.735,"ZRX":0.5821,"REP":13.23,"BCD":1.69,"MKR":413.81,"XRB":2.53,"DOGE":0.00617,"WAVES":2.29,"RHOC":0.3,"GNT":0.1343,"DGB":0.02742,"NAS":1.41,"STRAT":1.42,"PPT":3.63,"WAN":0.9152,"BAT":0.1645,"BTCP":2.89,"HSR":2.25,"SNT":0.03291,"HT":1.81,"KCS":1.15,"IOST":0.01214,"DGD":36.48,"LRC":0.08951,"WTC":3.15,"KMD":1.07,"ARK":0.6744,"MITH":0.2678,"GAS":5.78,"MCO":4.37,"NXT":0.06434,"ICN":0.3727}