{"BTC":6563.99,"ETH":207.61,"XRP":0.4758,"BCH":449.68,"EOS":5.56,"LTC":53.6,"XLM":0.243,"ADA":0.07708,"TRX":0.02489,"XMR":108.69,"NEO":17.19,"DASH":163.88,"BNB":9.95,"ETC":9.88,"VEN":1.84,"XEM":0.09643,"ONT":1.85,"QTUM":4.09,"OMG":3.33,"ZEC":121.1,"ICX":0.7667,"LSK":2.94,"DCR":40.17,"ZIL":0.03518,"BCN":0.001378,"AE":1.28,"BTG":26.96,"BTM":0.0298,"SC":0.006563,"BTS":0.1015,"XVG":0.01457,"STEEM":0.8381,"ZRX":0.9049,"REP":12.99,"BCD":1.58,"MKR":643.41,"XRB":2.53,"DOGE":0.00456,"WAVES":2.1,"RHOC":0.1719,"GNT":0.1559,"DGB":0.02461,"NAS":1.63,"STRAT":1.45,"PPT":3.3,"WAN":1.05,"BAT":0.2245,"BTCP":2.6,"HSR":1.9,"SNT":0.03649,"HT":1.62,"KCS":1.14,"IOST":0.01208,"DGD":43.54,"LRC":0.1127,"WTC":2.99,"KMD":1.3,"ARK":0.7882,"MITH":0.2572,"GAS":5.27,"MCO":4.36,"NXT":0.0625,"ICN":0.3478}