{"BTC":6196.98,"ETH":194.94,"XRP":0.2746,"BCH":471.96,"EOS":4.71,"LTC":52.9,"XLM":0.1939,"ADA":0.0774,"TRX":0.01909,"XMR":102.71,"NEO":17.86,"DASH":184.65,"BNB":9.43,"ETC":10.95,"VEN":1.88,"XEM":0.1011,"ONT":1.87,"QTUM":3.61,"OMG":3.39,"ZEC":121.48,"ICX":0.6965,"LSK":3.39,"DCR":35.13,"ZIL":0.03401,"BCN":0.001921,"AE":0.908,"BTG":18.78,"BTM":0.1489,"SC":0.005392,"BTS":0.0947,"XVG":0.01282,"STEEM":0.7704,"ZRX":0.5743,"REP":14.19,"BCD":1.55,"MKR":350.64,"XRB":2.53,"DOGE":0.00578,"WAVES":2.03,"RHOC":0.2556,"GNT":0.1348,"DGB":0.02423,"NAS":1.46,"STRAT":1.39,"PPT":3.68,"WAN":0.8875,"BAT":0.1579,"BTCP":2.88,"HSR":2.34,"SNT":0.03321,"HT":1.55,"KCS":1.15,"IOST":0.01128,"DGD":37.09,"LRC":0.09047,"WTC":3.52,"KMD":1.07,"ARK":0.6339,"MITH":0.2737,"GAS":6.3,"MCO":4.1,"NXT":0.06428,"ICN":0.368}