{"BTC":6349.51,"ETH":197.91,"XRP":0.453,"BCH":426.78,"EOS":5.25,"LTC":49.76,"XLM":0.227,"ADA":0.0713,"TRX":0.02251,"XMR":104.63,"NEO":15.47,"DASH":153.46,"BNB":9.44,"ETC":9.06,"VEN":1.72,"XEM":0.09333,"ONT":1.66,"QTUM":3.84,"OMG":3.29,"ZEC":116.31,"ICX":0.6134,"LSK":2.76,"DCR":40.26,"ZIL":0.03505,"BCN":0.00127,"AE":1.16,"BTG":26.6,"BTM":0.02756,"SC":0.006604,"BTS":0.09595,"XVG":0.01391,"STEEM":0.8033,"ZRX":0.7613,"REP":14.36,"BCD":1.37,"MKR":605.67,"XRB":2.53,"DOGE":0.003932,"WAVES":1.83,"RHOC":0.08331,"GNT":0.1713,"DGB":0.02445,"NAS":1.48,"STRAT":1.52,"PPT":3.69,"WAN":1.13,"BAT":0.25,"BTCP":2.2,"HSR":1.8,"SNT":0.03815,"HT":1.52,"KCS":1.08,"IOST":0.01264,"DGD":40.06,"LRC":0.1146,"WTC":3.26,"KMD":1.27,"ARK":0.8097,"MITH":0.2588,"GAS":5.01,"MCO":4.37,"NXT":0.0642,"ICN":0.3508}