{"BTC":6306.32,"ETH":196.19,"XRP":0.4453,"BCH":421.29,"EOS":5.13,"LTC":48.97,"XLM":0.2257,"ADA":0.07169,"TRX":0.02246,"XMR":103.45,"NEO":15.24,"DASH":153.86,"BNB":9.39,"ETC":9.01,"VEN":1.14,"XEM":0.08974,"ONT":1.63,"QTUM":3.77,"OMG":3.17,"ZEC":115.93,"ICX":0.5213,"LSK":2.73,"DCR":40.13,"ZIL":0.03443,"BCN":0.001261,"AE":1.13,"BTG":26,"BTM":0.02875,"SC":0.006747,"BTS":0.09579,"XVG":0.01362,"STEEM":0.7725,"ZRX":0.7622,"REP":14.49,"BCD":1.3,"MKR":631.93,"XRB":2.53,"DOGE":0.003923,"WAVES":1.76,"RHOC":0.08988,"GNT":0.1697,"DGB":0.0215,"NAS":1.42,"STRAT":1.52,"PPT":3.43,"WAN":1.09,"BAT":0.2473,"BTCP":2.09,"HSR":1.77,"SNT":0.03595,"HT":1.51,"KCS":1.07,"IOST":0.0123,"DGD":39.77,"LRC":0.1079,"WTC":3.28,"KMD":1.3,"ARK":0.801,"MITH":0.2662,"GAS":4.94,"MCO":4.4,"NXT":0.06585,"ICN":0.3468}