{"BTC":6375.75,"ETH":210.44,"XRP":0.5199,"BCH":520.49,"EOS":5.45,"LTC":50.5,"XLM":0.2691,"ADA":0.07594,"TRX":0.02273,"XMR":106.72,"NEO":15.88,"DASH":164.15,"BNB":9.35,"ETC":9.21,"VEN":0.8628,"XEM":0.1109,"ONT":1.62,"QTUM":3.84,"OMG":3.29,"ZEC":133.04,"ICX":0.5551,"LSK":2.77,"DCR":40.02,"ZIL":0.03334,"BCN":0.001275,"AE":1.15,"BTG":28.66,"BTM":0.1683,"SC":0.005738,"BTS":0.09327,"XVG":0.01275,"STEEM":0.7287,"ZRX":0.6732,"REP":13.25,"BCD":1.69,"MKR":650.14,"XRB":2.53,"DOGE":0.003098,"WAVES":1.77,"RHOC":0.1047,"GNT":0.1625,"DGB":0.01996,"NAS":1.37,"STRAT":1.39,"PPT":3.38,"WAN":0.9417,"BAT":0.265,"BTCP":2.06,"HSR":1.65,"SNT":0.0364,"HT":1.55,"KCS":1.1,"IOST":0.01167,"DGD":37.48,"LRC":0.09825,"WTC":2.87,"KMD":1.21,"ARK":0.723,"MITH":0.2659,"GAS":4.88,"MCO":4.28,"NXT":0.06433,"ICN":0.3487}