{"BTC":7375.49,"ETH":290.64,"XRP":0.3388,"BCH":639.71,"EOS":6.6,"LTC":68.91,"XLM":0.2235,"ADA":0.1061,"TRX":0.02574,"XMR":139.86,"NEO":23.69,"DASH":219.55,"BNB":11.42,"ETC":14.15,"VEN":1.89,"XEM":0.1263,"ONT":2.5,"QTUM":4.91,"OMG":4.8,"ZEC":158.83,"ICX":1.08,"LSK":4.56,"DCR":43.35,"ZIL":0.0469,"BCN":0.002581,"AE":1.21,"BTG":21.87,"BTM":0.1764,"SC":0.007669,"BTS":0.1254,"XVG":0.01861,"STEEM":1.02,"ZRX":0.82,"REP":20.83,"BCD":1.02,"MKR":478.18,"XRB":2.53,"DOGE":0.005159,"WAVES":2.35,"RHOC":0.4062,"GNT":0.1835,"DGB":0.03277,"NAS":2.04,"STRAT":1.91,"PPT":4.68,"WAN":1.43,"BAT":0.2338,"BTCP":3.94,"HSR":3.34,"SNT":0.04382,"HT":2.16,"KCS":1.53,"IOST":0.01674,"DGD":52.73,"LRC":0.125,"WTC":5.14,"KMD":1.59,"ARK":0.8822,"MITH":0.363,"GAS":8.11,"MCO":4.95,"NXT":0.07999,"ICN":0.5122}