{"BTC":6611.9,"ETH":232.61,"XRP":0.5766,"BCH":542.33,"EOS":5.8,"LTC":61.54,"XLM":0.2554,"ADA":0.08566,"TRX":0.02204,"XMR":114.33,"NEO":19.09,"DASH":189.65,"BNB":10.02,"ETC":11.41,"VEN":2.2,"XEM":0.0998,"ONT":2,"QTUM":3.91,"OMG":3.67,"ZEC":133.69,"ICX":0.6119,"LSK":3.29,"DCR":38.81,"ZIL":0.03524,"BCN":0.002314,"AE":1.03,"BTG":26.29,"BTM":0.02883,"SC":0.006083,"BTS":0.1147,"XVG":0.0147,"STEEM":0.89,"ZRX":0.6476,"REP":13.3,"BCD":1.59,"MKR":481.48,"XRB":2.53,"DOGE":0.005872,"WAVES":2.21,"RHOC":0.2449,"GNT":0.1551,"DGB":0.02546,"NAS":1.44,"STRAT":1.62,"PPT":3.19,"WAN":0.9449,"BAT":0.1682,"BTCP":2.68,"HSR":2.26,"SNT":0.03828,"HT":1.84,"KCS":1.29,"IOST":0.01243,"DGD":38.13,"LRC":0.1045,"WTC":2.91,"KMD":1.2,"ARK":0.724,"MITH":0.2956,"GAS":6.32,"MCO":4.53,"NXT":0.06999,"ICN":0.3907}