{"BTC":6493,"ETH":208.83,"XRP":0.2809,"BCH":469.35,"EOS":5.48,"LTC":54.26,"XLM":0.2072,"ADA":0.0701,"TRX":0.02,"XMR":111.21,"NEO":18.17,"DASH":194.65,"BNB":9.59,"ETC":11.06,"VEN":1.55,"XEM":0.09255,"ONT":1.91,"QTUM":3.53,"OMG":3.43,"ZEC":116.82,"ICX":0.5608,"LSK":3.74,"DCR":37.12,"ZIL":0.03444,"BCN":0.001884,"AE":0.9194,"BTG":20.45,"BTM":0.135,"SC":0.005393,"BTS":0.1022,"XVG":0.01345,"STEEM":0.7335,"ZRX":0.54,"REP":13.97,"BCD":1.74,"MKR":351.78,"XRB":2.53,"DOGE":0.006511,"WAVES":2.41,"RHOC":0.2599,"GNT":0.132,"DGB":0.02592,"NAS":1.43,"STRAT":1.38,"PPT":3.38,"WAN":0.9077,"BAT":0.1635,"BTCP":2.79,"HSR":2.24,"SNT":0.03316,"HT":1.61,"KCS":1.11,"IOST":0.01223,"DGD":35.04,"LRC":0.08863,"WTC":3.23,"KMD":1.03,"ARK":0.6455,"MITH":0.2744,"GAS":5.76,"MCO":4.44,"NXT":0.0625,"ICN":0.3707}