{"BTC":6526.98,"ETH":218.27,"XRP":0.5381,"BCH":617.57,"EOS":5.71,"LTC":54.1,"XLM":0.2548,"ADA":0.07962,"TRX":0.02421,"XMR":112.15,"NEO":16.81,"DASH":167.27,"BNB":9.81,"ETC":9.65,"VEN":0.7419,"XEM":0.0988,"ONT":1.68,"QTUM":4.07,"OMG":3.43,"ZEC":129.14,"ICX":0.5404,"LSK":2.86,"DCR":40.75,"ZIL":0.03499,"BCN":0.001371,"AE":1.18,"BTG":31.72,"BTM":0.03277,"SC":0.006397,"BTS":0.09876,"XVG":0.01388,"STEEM":0.8127,"ZRX":0.7597,"REP":14.92,"BCD":1.53,"MKR":661.36,"XRB":2.53,"DOGE":0.00364,"WAVES":1.83,"RHOC":0.1102,"GNT":0.1695,"DGB":0.02154,"NAS":1.45,"STRAT":1.58,"PPT":3.49,"WAN":1.05,"BAT":0.34,"BTCP":2.07,"HSR":1.81,"SNT":0.03798,"HT":1.59,"KCS":1.12,"IOST":0.01234,"DGD":41.39,"LRC":0.1132,"WTC":3.12,"KMD":1.23,"ARK":0.7636,"MITH":0.2637,"GAS":5.22,"MCO":4.39,"NXT":0.06918,"ICN":0.3691}