{"BTC":6525.59,"ETH":216.32,"XRP":0.2802,"BCH":456.78,"EOS":5.32,"LTC":57.69,"XLM":0.2028,"ADA":0.06904,"TRX":0.0201,"XMR":116.91,"NEO":17.97,"DASH":192.79,"BNB":10.05,"ETC":11.1,"VEN":1.08,"XEM":0.09077,"ONT":1.85,"QTUM":3.47,"OMG":3.48,"ZEC":119.81,"ICX":0.5421,"LSK":3.37,"DCR":37.7,"ZIL":0.03369,"BCN":0.001893,"AE":0.995,"BTG":20.71,"BTM":0.1555,"SC":0.005419,"BTS":0.1131,"XVG":0.01341,"STEEM":0.7214,"ZRX":0.5737,"REP":13.55,"BCD":1.7,"MKR":417.23,"XRB":2.53,"DOGE":0.006239,"WAVES":2.31,"RHOC":0.326,"GNT":0.1301,"DGB":0.02683,"NAS":1.41,"STRAT":1.44,"PPT":3.3,"WAN":0.9153,"BAT":0.1585,"BTCP":2.91,"HSR":2.21,"SNT":0.03263,"HT":1.7,"KCS":1.09,"IOST":0.01216,"DGD":36.99,"LRC":0.09031,"WTC":3.06,"KMD":1.02,"ARK":0.6603,"MITH":0.2677,"GAS":5.72,"MCO":4.49,"NXT":0.06519,"ICN":0.3725}