{"BTC":6269.24,"ETH":199.6,"XRP":0.4195,"BCH":450.61,"EOS":5.31,"LTC":53.5,"XLM":0.2156,"ADA":0.07284,"TRX":0.024,"XMR":103.35,"NEO":15.92,"DASH":161.05,"BNB":9.54,"ETC":9.51,"VEN":1.32,"XEM":0.09541,"ONT":1.78,"QTUM":3.48,"OMG":3.1,"ZEC":111.59,"ICX":0.679,"LSK":2.85,"DCR":38.02,"ZIL":0.03265,"BCN":0.001316,"AE":1.11,"BTG":24.83,"BTM":0.02726,"SC":0.00633,"BTS":0.09837,"XVG":0.01424,"STEEM":0.8662,"ZRX":0.7306,"REP":12.43,"BCD":1.34,"MKR":646.7,"XRB":2.53,"DOGE":0.005131,"WAVES":1.9,"RHOC":0.1694,"GNT":0.149,"DGB":0.02432,"NAS":1.85,"STRAT":1.36,"PPT":3.22,"WAN":0.9646,"BAT":0.1781,"BTCP":2.48,"HSR":1.81,"SNT":0.0346,"HT":1.62,"KCS":1.04,"IOST":0.01134,"DGD":37,"LRC":0.1069,"WTC":2.77,"KMD":1,"ARK":0.707,"MITH":0.2394,"GAS":5.03,"MCO":4.27,"NXT":0.06217,"ICN":0.3399}