{"BTC":6311.04,"ETH":195.83,"XRP":0.4434,"BCH":417.06,"EOS":5.14,"LTC":48.97,"XLM":0.2227,"ADA":0.06975,"TRX":0.0223,"XMR":101.64,"NEO":15.47,"DASH":150.83,"BNB":9.39,"ETC":9.06,"VEN":0.4,"XEM":0.09191,"ONT":1.65,"QTUM":3.79,"OMG":3.12,"ZEC":116.71,"ICX":0.6563,"LSK":2.7,"DCR":40.06,"ZIL":0.03376,"BCN":0.001262,"AE":1.17,"BTG":26.61,"BTM":0.02858,"SC":0.006878,"BTS":0.09477,"XVG":0.01381,"STEEM":0.7843,"ZRX":0.7719,"REP":14.12,"BCD":1.43,"MKR":636.38,"XRB":2.53,"DOGE":0.003839,"WAVES":1.84,"RHOC":0.1017,"GNT":0.1615,"DGB":0.02152,"NAS":1.43,"STRAT":1.51,"PPT":3.45,"WAN":1.03,"BAT":0.2316,"BTCP":2.08,"HSR":1.7,"SNT":0.03609,"HT":1.5,"KCS":1.06,"IOST":0.01205,"DGD":38.66,"LRC":0.1047,"WTC":3.3,"KMD":1.28,"ARK":0.7724,"MITH":0.2592,"GAS":4.91,"MCO":4.35,"NXT":0.06729,"ICN":0.347}