{"BTC":6502.04,"ETH":219.7,"XRP":0.281,"BCH":450.38,"EOS":5.43,"LTC":57.32,"XLM":0.2076,"ADA":0.06985,"TRX":0.01993,"XMR":116.96,"NEO":17.96,"DASH":193.57,"BNB":9.94,"ETC":11.23,"VEN":1.03,"XEM":0.0905,"ONT":1.83,"QTUM":3.45,"OMG":3.42,"ZEC":118.56,"ICX":0.6014,"LSK":3.55,"DCR":38.06,"ZIL":0.03439,"BCN":0.00195,"AE":0.9946,"BTG":21.25,"BTM":0.1493,"SC":0.005526,"BTS":0.1181,"XVG":0.01373,"STEEM":0.7541,"ZRX":0.5642,"REP":13.45,"BCD":1.66,"MKR":406.48,"XRB":2.53,"DOGE":0.006421,"WAVES":2.31,"RHOC":0.2652,"GNT":0.1397,"DGB":0.02685,"NAS":1.38,"STRAT":1.4,"PPT":3.49,"WAN":0.9647,"BAT":0.1589,"BTCP":2.95,"HSR":2.19,"SNT":0.03484,"HT":1.81,"KCS":1.12,"IOST":0.01216,"DGD":36.13,"LRC":0.09477,"WTC":3.3,"KMD":1.08,"ARK":0.7215,"MITH":0.2633,"GAS":5.39,"MCO":4.36,"NXT":0.0642,"ICN":0.3792}