{"BTC":6474.64,"ETH":226.68,"XRP":0.3018,"BCH":512.8,"EOS":5.15,"LTC":56.9,"XLM":0.2049,"ADA":0.08727,"TRX":0.02129,"XMR":115.16,"NEO":20.14,"DASH":177.6,"BNB":10.17,"ETC":11.77,"VEN":2.27,"XEM":0.1017,"ONT":1.96,"QTUM":3.95,"OMG":3.93,"ZEC":128.86,"ICX":0.7556,"LSK":3.77,"DCR":36.65,"ZIL":0.03773,"BCN":0.002139,"AE":0.9691,"BTG":19.5,"BTM":0.1534,"SC":0.005834,"BTS":0.1022,"XVG":0.01426,"STEEM":0.8447,"ZRX":0.6632,"REP":16.3,"BCD":2.17,"MKR":413.07,"XRB":2.53,"DOGE":0.00504,"WAVES":2.03,"RHOC":0.3302,"GNT":0.1421,"DGB":0.02619,"NAS":1.56,"STRAT":1.59,"PPT":3.96,"WAN":1.05,"BAT":0.1812,"BTCP":3.21,"HSR":2.66,"SNT":0.036,"HT":1.77,"KCS":1.26,"IOST":0.01252,"DGD":43.64,"LRC":0.09946,"WTC":3.94,"KMD":1.2,"ARK":0.6773,"MITH":0.3196,"GAS":7.16,"MCO":4.68,"NXT":0.0691,"ICN":0.4105}