{"BTC":6377.33,"ETH":209.13,"XRP":0.4989,"BCH":539.05,"EOS":5.39,"LTC":51.63,"XLM":0.2544,"ADA":0.07479,"TRX":0.02343,"XMR":106.2,"NEO":16,"DASH":160.51,"BNB":9.53,"ETC":9.45,"VEN":1.1,"XEM":0.09171,"ONT":1.63,"QTUM":3.83,"OMG":3.32,"ZEC":133.22,"ICX":0.5881,"LSK":2.76,"DCR":40.22,"ZIL":0.03457,"BCN":0.001275,"AE":1.16,"BTG":29.45,"BTM":0.1913,"SC":0.006058,"BTS":0.09368,"XVG":0.01314,"STEEM":0.7538,"ZRX":0.7,"REP":14.69,"BCD":1.71,"MKR":644.03,"XRB":2.53,"DOGE":0.003221,"WAVES":1.79,"RHOC":0.1051,"GNT":0.1646,"DGB":0.02034,"NAS":1.41,"STRAT":1.46,"PPT":3.34,"WAN":0.9566,"BAT":0.2738,"BTCP":2.08,"HSR":1.75,"SNT":0.03591,"HT":1.55,"KCS":1.14,"IOST":0.01199,"DGD":39.34,"LRC":0.1033,"WTC":2.95,"KMD":1.18,"ARK":0.7244,"MITH":0.2589,"GAS":5.01,"MCO":4.25,"NXT":0.06358,"ICN":0.3346}