{"BTC":6479.35,"ETH":203.01,"XRP":0.4616,"BCH":444.69,"EOS":5.43,"LTC":52.26,"XLM":0.2419,"ADA":0.07399,"TRX":0.02383,"XMR":108.29,"NEO":16.92,"DASH":158.91,"BNB":9.74,"ETC":9.79,"VEN":0.2964,"XEM":0.09868,"ONT":1.79,"QTUM":4.21,"OMG":3.45,"ZEC":125.92,"ICX":0.67,"LSK":2.99,"DCR":47.38,"ZIL":0.03492,"BCN":0.001296,"AE":1.3,"BTG":27.84,"BTM":0.03012,"SC":0.007256,"BTS":0.1009,"XVG":0.01482,"STEEM":0.8137,"ZRX":0.8387,"REP":14.31,"BCD":1.83,"MKR":682.08,"XRB":2.53,"DOGE":0.004011,"WAVES":1.98,"RHOC":0.1217,"GNT":0.1705,"DGB":0.02261,"NAS":1.59,"STRAT":1.75,"PPT":3.51,"WAN":1.01,"BAT":0.2751,"BTCP":2.41,"HSR":1.89,"SNT":0.03621,"HT":1.62,"KCS":1.08,"IOST":0.01244,"DGD":42.04,"LRC":0.1233,"WTC":3.04,"KMD":1.42,"ARK":0.8234,"MITH":0.2629,"GAS":5.4,"MCO":4.87,"NXT":0.0605,"ICN":0.3563}