{"BTC":6458.13,"ETH":203.18,"XRP":0.4627,"BCH":440.13,"EOS":5.46,"LTC":52.08,"XLM":0.2345,"ADA":0.07408,"TRX":0.02395,"XMR":105.83,"NEO":16.4,"DASH":157.34,"BNB":9.68,"ETC":9.63,"VEN":0.4488,"XEM":0.09558,"ONT":1.75,"QTUM":3.97,"OMG":3.34,"ZEC":122.14,"ICX":0.671,"LSK":2.91,"DCR":43.46,"ZIL":0.03656,"BCN":0.001292,"AE":1.28,"BTG":27.13,"BTM":0.2018,"SC":0.007234,"BTS":0.09746,"XVG":0.01483,"STEEM":0.7963,"ZRX":0.8042,"REP":13.97,"BCD":1.58,"MKR":633.92,"XRB":2.53,"DOGE":0.00383,"WAVES":1.95,"RHOC":0.07776,"GNT":0.185,"DGB":0.02273,"NAS":1.54,"STRAT":1.66,"PPT":3.45,"WAN":1.06,"BAT":0.265,"BTCP":2.16,"HSR":1.85,"SNT":0.03623,"HT":1.59,"KCS":1.1,"IOST":0.01246,"DGD":40.39,"LRC":0.1206,"WTC":3.23,"KMD":1.38,"ARK":0.8014,"MITH":0.2613,"GAS":5.18,"MCO":4.81,"NXT":0.062,"ICN":0.3487}