{"BTC":6392.42,"ETH":201.19,"XRP":0.459,"BCH":463.48,"EOS":5.4,"LTC":51.26,"XLM":0.2349,"ADA":0.07349,"TRX":0.02306,"XMR":106.24,"NEO":16.28,"DASH":155.72,"BNB":9.6,"ETC":9.15,"VEN":0.981,"XEM":0.09455,"ONT":1.69,"QTUM":3.93,"OMG":3.26,"ZEC":118.59,"ICX":0.6482,"LSK":2.75,"DCR":41.83,"ZIL":0.03629,"BCN":0.001278,"AE":1.19,"BTG":27.59,"BTM":0.03554,"SC":0.00652,"BTS":0.09627,"XVG":0.01385,"STEEM":0.8029,"ZRX":0.8133,"REP":14.72,"BCD":1.66,"MKR":625.86,"XRB":2.53,"DOGE":0.00386,"WAVES":1.86,"RHOC":0.08285,"GNT":0.1752,"DGB":0.02231,"NAS":1.48,"STRAT":1.64,"PPT":3.68,"WAN":1.07,"BAT":0.304,"BTCP":2.11,"HSR":1.79,"SNT":0.03931,"HT":1.53,"KCS":1.1,"IOST":0.01221,"DGD":40.91,"LRC":0.117,"WTC":3.32,"KMD":1.32,"ARK":0.8207,"MITH":0.2603,"GAS":5.08,"MCO":4.38,"NXT":0.06341,"ICN":0.3132}