{"BTC":6604.3,"ETH":210.28,"XRP":0.454,"BCH":461.65,"EOS":5.58,"LTC":54.6,"XLM":0.2247,"ADA":0.07291,"TRX":0.02536,"XMR":108.76,"NEO":16.61,"DASH":166.85,"BNB":10.28,"ETC":9.87,"VEN":1.39,"XEM":0.09642,"ONT":1.84,"QTUM":3.68,"OMG":3.25,"ZEC":113.97,"ICX":0.6543,"LSK":2.9,"DCR":39.74,"ZIL":0.03469,"BCN":0.001519,"AE":1.18,"BTG":26.76,"BTM":0.0286,"SC":0.006474,"BTS":0.1043,"XVG":0.01496,"STEEM":0.8324,"ZRX":0.7332,"REP":12.51,"BCD":1.56,"MKR":683.57,"XRB":2.53,"DOGE":0.0051,"WAVES":2.05,"RHOC":0.1808,"GNT":0.1495,"DGB":0.02504,"NAS":1.77,"STRAT":1.47,"PPT":3.34,"WAN":0.9764,"BAT":0.1822,"BTCP":2.57,"HSR":1.88,"SNT":0.03612,"HT":1.64,"KCS":1.14,"IOST":0.01195,"DGD":47.95,"LRC":0.1096,"WTC":2.9,"KMD":1.19,"ARK":0.7151,"MITH":0.2537,"GAS":5.2,"MCO":4.28,"NXT":0.06225,"ICN":0.3563}