{"BTC":6299.91,"ETH":184.96,"XRP":0.2658,"BCH":444.39,"EOS":5.01,"LTC":51.76,"XLM":0.199,"ADA":0.06987,"TRX":0.01853,"XMR":105.59,"NEO":17.76,"DASH":187.06,"BNB":9.37,"ETC":11.23,"VEN":1.4,"XEM":0.08788,"ONT":1.76,"QTUM":3.41,"OMG":3.19,"ZEC":112.03,"ICX":0.6067,"LSK":3.32,"DCR":35.29,"ZIL":0.0321,"BCN":0.00189,"AE":0.879,"BTG":19.24,"BTM":0.1389,"SC":0.00523,"BTS":0.09426,"XVG":0.01245,"STEEM":0.7196,"ZRX":0.515,"REP":13.86,"BCD":1.72,"MKR":332.96,"XRB":2.53,"DOGE":0.006446,"WAVES":2.26,"RHOC":0.2077,"GNT":0.1214,"DGB":0.02312,"NAS":1.34,"STRAT":1.32,"PPT":3.31,"WAN":0.8166,"BAT":0.15,"BTCP":3.03,"HSR":2.16,"SNT":0.03197,"HT":1.58,"KCS":1.08,"IOST":0.01153,"DGD":33.72,"LRC":0.08915,"WTC":3.13,"KMD":1.02,"ARK":0.6128,"MITH":0.2646,"GAS":5.64,"MCO":4.38,"NXT":0.06218,"ICN":0.355}