{"BTC":6433.14,"ETH":209.3,"XRP":0.4909,"BCH":552.63,"EOS":5.48,"LTC":53.35,"XLM":0.2469,"ADA":0.07662,"TRX":0.02386,"XMR":111.35,"NEO":16.45,"DASH":165.28,"BNB":9.68,"ETC":9.39,"VEN":0.7095,"XEM":0.09482,"ONT":1.68,"QTUM":3.91,"OMG":3.39,"ZEC":123.02,"ICX":0.5373,"LSK":2.87,"DCR":39.51,"ZIL":0.03558,"BCN":0.001351,"AE":1.2,"BTG":30,"BTM":0.04137,"SC":0.006242,"BTS":0.09691,"XVG":0.01362,"STEEM":0.7825,"ZRX":0.77,"REP":14.62,"BCD":1.59,"MKR":665.51,"XRB":2.53,"DOGE":0.003663,"WAVES":1.81,"RHOC":0.09508,"GNT":0.1641,"DGB":0.02194,"NAS":1.43,"STRAT":1.55,"PPT":3.49,"WAN":1.01,"BAT":0.3159,"BTCP":2.07,"HSR":1.82,"SNT":0.03732,"HT":1.55,"KCS":1.13,"IOST":0.01229,"DGD":40.08,"LRC":0.1085,"WTC":3.11,"KMD":1.25,"ARK":0.776,"MITH":0.259,"GAS":5.12,"MCO":4.42,"NXT":0.06448,"ICN":0.3552}