{"BTC":6396.94,"ETH":214.96,"XRP":0.5013,"BCH":440.81,"EOS":5.36,"LTC":57.51,"XLM":0.2498,"ADA":0.081,"TRX":0.02122,"XMR":115.1,"NEO":17.91,"DASH":186.09,"BNB":9.61,"ETC":10.99,"VEN":2.55,"XEM":0.09354,"ONT":1.82,"QTUM":3.62,"OMG":3.32,"ZEC":132.53,"ICX":0.6864,"LSK":3.22,"DCR":36.59,"ZIL":0.03365,"BCN":0.002111,"AE":0.9558,"BTG":21.88,"BTM":0.02201,"SC":0.006014,"BTS":0.1114,"XVG":0.0138,"STEEM":0.904,"ZRX":0.6578,"REP":12.96,"BCD":1.38,"MKR":431.89,"XRB":2.53,"DOGE":0.005775,"WAVES":2.17,"RHOC":0.2632,"GNT":0.1374,"DGB":0.0238,"NAS":1.39,"STRAT":1.54,"PPT":3.01,"WAN":0.8931,"BAT":0.162,"BTCP":2.73,"HSR":2.13,"SNT":0.03541,"HT":1.67,"KCS":1.14,"IOST":0.01271,"DGD":35.84,"LRC":0.09418,"WTC":2.78,"KMD":1.11,"ARK":0.6812,"MITH":0.2873,"GAS":5.09,"MCO":4.28,"NXT":0.07052,"ICN":0.3812}