{"BTC":6482.17,"ETH":203.57,"XRP":0.4565,"BCH":451.61,"EOS":5.46,"LTC":52.17,"XLM":0.2456,"ADA":0.07597,"TRX":0.02421,"XMR":107.15,"NEO":17.04,"DASH":153.82,"BNB":9.74,"ETC":10.08,"VEN":0.853,"XEM":0.09872,"ONT":1.8,"QTUM":4.53,"OMG":3.51,"ZEC":123.66,"ICX":0.6852,"LSK":2.99,"DCR":38.61,"ZIL":0.03463,"BCN":0.001362,"AE":1.29,"BTG":26.55,"BTM":0.03165,"SC":0.006875,"BTS":0.1003,"XVG":0.01427,"STEEM":0.8172,"ZRX":0.9049,"REP":13.34,"BCD":1.59,"MKR":667.87,"XRB":2.53,"DOGE":0.004314,"WAVES":1.95,"RHOC":0.1303,"GNT":0.1643,"DGB":0.02393,"NAS":1.63,"STRAT":1.53,"PPT":3.45,"WAN":1,"BAT":0.2737,"BTCP":2.29,"HSR":1.96,"SNT":0.03625,"HT":1.62,"KCS":1.09,"IOST":0.01213,"DGD":44.82,"LRC":0.112,"WTC":2.99,"KMD":1.32,"ARK":0.7749,"MITH":0.2618,"GAS":5.22,"MCO":5.33,"NXT":0.06056,"ICN":0.3691}