{"BTC":6594.3,"ETH":226.68,"XRP":0.4896,"BCH":460.86,"EOS":5.65,"LTC":57.58,"XLM":0.2576,"ADA":0.085,"TRX":0.02221,"XMR":114.83,"NEO":18.35,"DASH":193.08,"BNB":10.01,"ETC":11.04,"VEN":1.94,"XEM":0.09858,"ONT":1.91,"QTUM":3.9,"OMG":3.45,"ZEC":136.48,"ICX":0.6904,"LSK":3.34,"DCR":38.04,"ZIL":0.03504,"BCN":0.00224,"AE":0.9742,"BTG":22.3,"BTM":0.02272,"SC":0.006389,"BTS":0.1168,"XVG":0.01474,"STEEM":0.9762,"ZRX":0.6657,"REP":13.17,"BCD":1.59,"MKR":453.18,"XRB":2.53,"DOGE":0.005814,"WAVES":2.24,"RHOC":0.2993,"GNT":0.1425,"DGB":0.02523,"NAS":1.4,"STRAT":1.59,"PPT":3.07,"WAN":0.9597,"BAT":0.1633,"BTCP":2.9,"HSR":2.24,"SNT":0.03723,"HT":1.7,"KCS":1.17,"IOST":0.01235,"DGD":37.23,"LRC":0.09804,"WTC":2.84,"KMD":1.12,"ARK":0.7164,"MITH":0.291,"GAS":5.15,"MCO":4.3,"NXT":0.07227,"ICN":0.4052}