{"BTC":6468.01,"ETH":218.53,"XRP":0.545,"BCH":625.02,"EOS":5.74,"LTC":55.45,"XLM":0.267,"ADA":0.08079,"TRX":0.02472,"XMR":113.37,"NEO":17.09,"DASH":172.13,"BNB":9.78,"ETC":9.92,"VEN":0.5504,"XEM":0.09745,"ONT":1.72,"QTUM":3.99,"OMG":3.49,"ZEC":129.69,"ICX":0.6159,"LSK":2.85,"DCR":40.96,"ZIL":0.0373,"BCN":0.001358,"AE":1.21,"BTG":31.94,"BTM":0.03719,"SC":0.006403,"BTS":0.0985,"XVG":0.01388,"STEEM":0.7884,"ZRX":0.7606,"REP":14.71,"BCD":1.58,"MKR":675.44,"XRB":2.53,"DOGE":0.003692,"WAVES":1.84,"RHOC":0.1049,"GNT":0.1656,"DGB":0.02141,"NAS":1.47,"STRAT":1.55,"PPT":3.44,"WAN":1.02,"BAT":0.3164,"BTCP":2.08,"HSR":1.86,"SNT":0.0379,"HT":1.59,"KCS":1.13,"IOST":0.01248,"DGD":40.62,"LRC":0.1086,"WTC":3.12,"KMD":1.25,"ARK":0.7663,"MITH":0.2601,"GAS":5.24,"MCO":4.37,"NXT":0.06396,"ICN":0.372}