{"BTC":6482.69,"ETH":202.18,"XRP":0.4638,"BCH":445.3,"EOS":5.44,"LTC":52.32,"XLM":0.2391,"ADA":0.07546,"TRX":0.02352,"XMR":107.76,"NEO":16.81,"DASH":157.33,"BNB":9.71,"ETC":9.74,"VEN":1,"XEM":0.09698,"ONT":1.75,"QTUM":4,"OMG":3.37,"ZEC":125.28,"ICX":0.6619,"LSK":2.92,"DCR":44.22,"ZIL":0.03474,"BCN":0.001296,"AE":1.26,"BTG":27.39,"BTM":0.02852,"SC":0.00726,"BTS":0.0984,"XVG":0.01458,"STEEM":0.8025,"ZRX":0.8515,"REP":13.69,"BCD":1.62,"MKR":659.01,"XRB":2.53,"DOGE":0.003733,"WAVES":1.96,"RHOC":0.09231,"GNT":0.185,"DGB":0.02327,"NAS":1.53,"STRAT":1.7,"PPT":3.43,"WAN":1.06,"BAT":0.2721,"BTCP":2.15,"HSR":1.85,"SNT":0.03597,"HT":1.6,"KCS":1.1,"IOST":0.01257,"DGD":40.77,"LRC":0.1203,"WTC":3.08,"KMD":1.37,"ARK":0.8109,"MITH":0.2607,"GAS":5.26,"MCO":4.78,"NXT":0.0619,"ICN":0.3371}