{"BTC":6587.36,"ETH":224.44,"XRP":0.4855,"BCH":509.05,"EOS":5.74,"LTC":57.74,"XLM":0.2403,"ADA":0.08099,"TRX":0.0238,"XMR":114.47,"NEO":17.95,"DASH":181.14,"BNB":10.41,"ETC":10.97,"VEN":1.59,"XEM":0.1035,"ONT":1.93,"QTUM":3.74,"OMG":3.44,"ZEC":124.96,"ICX":0.6765,"LSK":3.25,"DCR":40.81,"ZIL":0.03636,"BCN":0.00224,"AE":1.06,"BTG":27.9,"BTM":0.1864,"SC":0.007245,"BTS":0.1097,"XVG":0.01548,"STEEM":0.9419,"ZRX":0.6421,"REP":12.64,"BCD":1.59,"MKR":632.92,"XRB":2.53,"DOGE":0.005584,"WAVES":2.13,"RHOC":0.2063,"GNT":0.152,"DGB":0.02602,"NAS":1.71,"STRAT":1.49,"PPT":3.29,"WAN":1.04,"BAT":0.176,"BTCP":2.54,"HSR":2.32,"SNT":0.03728,"HT":1.77,"KCS":1.19,"IOST":0.01278,"DGD":42.64,"LRC":0.111,"WTC":2.96,"KMD":1.12,"ARK":0.7041,"MITH":0.2774,"GAS":5.83,"MCO":4.47,"NXT":0.06737,"ICN":0.3937}