{"BTC":6571.88,"ETH":224.89,"XRP":0.4609,"BCH":512.49,"EOS":5.91,"LTC":57.69,"XLM":0.242,"ADA":0.08435,"TRX":0.02528,"XMR":114.58,"NEO":18.29,"DASH":179.37,"BNB":10.3,"ETC":10.85,"VEN":1.66,"XEM":0.103,"ONT":2.05,"QTUM":4,"OMG":3.51,"ZEC":123.97,"ICX":0.7814,"LSK":3.38,"DCR":41.09,"ZIL":0.03768,"BCN":0.00171,"AE":1.27,"BTG":26.69,"BTM":0.02689,"SC":0.007036,"BTS":0.1102,"XVG":0.01657,"STEEM":0.8633,"ZRX":0.7523,"REP":13.3,"BCD":1.47,"MKR":651.94,"XRB":2.53,"DOGE":0.005675,"WAVES":2.12,"RHOC":0.2117,"GNT":0.1606,"DGB":0.02624,"NAS":1.97,"STRAT":1.51,"PPT":3.63,"WAN":1.12,"BAT":0.1802,"BTCP":3.05,"HSR":2.29,"SNT":0.03933,"HT":1.78,"KCS":1.13,"IOST":0.01335,"DGD":41.13,"LRC":0.121,"WTC":3.19,"KMD":1.15,"ARK":0.7623,"MITH":0.2746,"GAS":5.79,"MCO":4.72,"NXT":0.06731,"ICN":0.382}