{"BTC":6466.94,"ETH":218.28,"XRP":0.5228,"BCH":514.14,"EOS":5.58,"LTC":57.09,"XLM":0.2395,"ADA":0.0816,"TRX":0.02153,"XMR":113.8,"NEO":17.92,"DASH":176.69,"BNB":10.26,"ETC":11.03,"VEN":1.16,"XEM":0.0997,"ONT":1.89,"QTUM":3.7,"OMG":3.39,"ZEC":121.99,"ICX":0.6687,"LSK":3.16,"DCR":38.23,"ZIL":0.03687,"BCN":0.002199,"AE":1.04,"BTG":25.49,"BTM":0.1855,"SC":0.007439,"BTS":0.108,"XVG":0.01471,"STEEM":0.8422,"ZRX":0.6079,"REP":12.87,"BCD":1.38,"MKR":497.13,"XRB":2.53,"DOGE":0.005717,"WAVES":2.16,"RHOC":0.206,"GNT":0.1481,"DGB":0.02503,"NAS":1.63,"STRAT":1.46,"PPT":3.19,"WAN":0.958,"BAT":0.1642,"BTCP":2.65,"HSR":2.29,"SNT":0.03629,"HT":1.75,"KCS":1.19,"IOST":0.01268,"DGD":37.25,"LRC":0.1012,"WTC":2.73,"KMD":1.11,"ARK":0.6889,"MITH":0.2844,"GAS":5.54,"MCO":4.62,"NXT":0.06515,"ICN":0.3725}