{"BTC":6448.41,"ETH":212.48,"XRP":0.4934,"BCH":580.27,"EOS":5.53,"LTC":52.34,"XLM":0.2567,"ADA":0.07665,"TRX":0.02328,"XMR":109.2,"NEO":16.38,"DASH":166.2,"BNB":9.64,"ETC":9.54,"VEN":0.7205,"XEM":0.09501,"ONT":1.67,"QTUM":3.98,"OMG":3.34,"ZEC":138.76,"ICX":0.6136,"LSK":2.79,"DCR":39.65,"ZIL":0.0354,"BCN":0.00129,"AE":1.17,"BTG":30.32,"BTM":0.03108,"SC":0.006191,"BTS":0.09628,"XVG":0.01354,"STEEM":0.7842,"ZRX":0.7211,"REP":14.74,"BCD":1.74,"MKR":656.44,"XRB":2.53,"DOGE":0.003453,"WAVES":1.83,"RHOC":0.1012,"GNT":0.1725,"DGB":0.0207,"NAS":1.43,"STRAT":1.53,"PPT":3.38,"WAN":1.01,"BAT":0.3151,"BTCP":2.03,"HSR":1.8,"SNT":0.03707,"HT":1.6,"KCS":1.08,"IOST":0.01199,"DGD":40.32,"LRC":0.1073,"WTC":3.03,"KMD":1.22,"ARK":0.7659,"MITH":0.262,"GAS":5.16,"MCO":4.32,"NXT":0.06724,"ICN":0.3475}