{"BTC":6411.65,"ETH":212.88,"XRP":0.5094,"BCH":562.67,"EOS":5.46,"LTC":52.19,"XLM":0.2612,"ADA":0.07541,"TRX":0.02331,"XMR":106.35,"NEO":16.08,"DASH":163.51,"BNB":9.55,"ETC":9.5,"VEN":2.77,"XEM":0.09701,"ONT":1.64,"QTUM":3.91,"OMG":3.34,"ZEC":132.78,"ICX":0.5996,"LSK":2.76,"DCR":40.51,"ZIL":0.03455,"BCN":0.001282,"AE":1.17,"BTG":30.14,"BTM":0.03045,"SC":0.006154,"BTS":0.09597,"XVG":0.01321,"STEEM":0.7667,"ZRX":0.7207,"REP":14.93,"BCD":1.72,"MKR":653.57,"XRB":2.53,"DOGE":0.003347,"WAVES":1.76,"RHOC":0.1094,"GNT":0.1663,"DGB":0.02032,"NAS":1.4,"STRAT":1.49,"PPT":3.4,"WAN":0.9776,"BAT":0.2789,"BTCP":2.03,"HSR":1.74,"SNT":0.03667,"HT":1.58,"KCS":1.14,"IOST":0.01218,"DGD":39.71,"LRC":0.1033,"WTC":3.02,"KMD":1.2,"ARK":0.7192,"MITH":0.2664,"GAS":5.04,"MCO":4.38,"NXT":0.06615,"ICN":0.3515}