{"BTC":6378.51,"ETH":198.48,"XRP":0.4568,"BCH":425.16,"EOS":5.29,"LTC":50.41,"XLM":0.226,"ADA":0.0721,"TRX":0.02254,"XMR":104.03,"NEO":15.81,"DASH":155,"BNB":9.57,"ETC":9.07,"VEN":2.58,"XEM":0.0929,"ONT":1.69,"QTUM":3.88,"OMG":3.29,"ZEC":117.24,"ICX":0.6188,"LSK":2.75,"DCR":40.49,"ZIL":0.0357,"BCN":0.001276,"AE":1.18,"BTG":26.81,"BTM":0.03113,"SC":0.006571,"BTS":0.09556,"XVG":0.01384,"STEEM":0.8134,"ZRX":0.8093,"REP":14.37,"BCD":1.58,"MKR":631.23,"XRB":2.53,"DOGE":0.003798,"WAVES":1.91,"RHOC":0.0771,"GNT":0.1711,"DGB":0.02194,"NAS":1.49,"STRAT":1.57,"PPT":3.77,"WAN":1.1,"BAT":0.2539,"BTCP":2.15,"HSR":1.8,"SNT":0.03936,"HT":1.52,"KCS":1.09,"IOST":0.01218,"DGD":40.06,"LRC":0.1192,"WTC":3.34,"KMD":1.3,"ARK":0.8057,"MITH":0.2594,"GAS":5.02,"MCO":4.48,"NXT":0.06437,"ICN":0.3571}