{"BTC":6472.87,"ETH":203.71,"XRP":0.4641,"BCH":444.4,"EOS":5.48,"LTC":52.66,"XLM":0.2434,"ADA":0.07608,"TRX":0.02375,"XMR":109.96,"NEO":16.85,"DASH":154.87,"BNB":9.79,"ETC":9.8,"VEN":0.6906,"XEM":0.09942,"ONT":1.78,"QTUM":4.21,"OMG":3.38,"ZEC":121.9,"ICX":0.6654,"LSK":3,"DCR":50.81,"ZIL":0.03437,"BCN":0.001295,"AE":1.31,"BTG":27.23,"BTM":0.03088,"SC":0.007249,"BTS":0.09884,"XVG":0.01443,"STEEM":0.8104,"ZRX":0.8726,"REP":13.8,"BCD":1.95,"MKR":682.43,"XRB":2.53,"DOGE":0.004276,"WAVES":2.01,"RHOC":0.1333,"GNT":0.177,"DGB":0.02311,"NAS":1.58,"STRAT":1.51,"PPT":3.38,"WAN":0.9787,"BAT":0.255,"BTCP":2.28,"HSR":1.9,"SNT":0.0367,"HT":1.62,"KCS":1.08,"IOST":0.01236,"DGD":41.69,"LRC":0.1137,"WTC":3.01,"KMD":1.33,"ARK":0.769,"MITH":0.2605,"GAS":5.2,"MCO":4.94,"NXT":0.05994,"ICN":0.3686}