{"BTC":6565.51,"ETH":208.75,"XRP":0.4726,"BCH":457.72,"EOS":5.56,"LTC":53.68,"XLM":0.232,"ADA":0.07538,"TRX":0.02463,"XMR":108.15,"NEO":16.68,"DASH":165.86,"BNB":9.97,"ETC":9.69,"VEN":0.7004,"XEM":0.09625,"ONT":1.83,"QTUM":3.71,"OMG":3.22,"ZEC":116.11,"ICX":0.7117,"LSK":2.93,"DCR":39.86,"ZIL":0.0342,"BCN":0.00151,"AE":1.2,"BTG":26.91,"BTM":0.02836,"SC":0.006696,"BTS":0.1026,"XVG":0.01462,"STEEM":0.8298,"ZRX":0.853,"REP":12.85,"BCD":1.49,"MKR":676.41,"XRB":2.53,"DOGE":0.005102,"WAVES":2.06,"RHOC":0.1629,"GNT":0.153,"DGB":0.02449,"NAS":1.7,"STRAT":1.42,"PPT":3.33,"WAN":0.9907,"BAT":0.1869,"BTCP":2.58,"HSR":1.87,"SNT":0.03683,"HT":1.63,"KCS":1.14,"IOST":0.01208,"DGD":44.88,"LRC":0.1128,"WTC":2.87,"KMD":1.19,"ARK":0.7596,"MITH":0.2509,"GAS":5.25,"MCO":4.27,"NXT":0.06286,"ICN":0.3492}