{"BTC":6366.53,"ETH":209.85,"XRP":0.5021,"BCH":526.57,"EOS":5.35,"LTC":50.56,"XLM":0.273,"ADA":0.07632,"TRX":0.02294,"XMR":105.72,"NEO":15.71,"DASH":160.37,"BNB":9.4,"ETC":9.14,"VEN":1.49,"XEM":0.09552,"ONT":1.62,"QTUM":3.79,"OMG":3.19,"ZEC":128.1,"ICX":0.5765,"LSK":2.7,"DCR":38.98,"ZIL":0.03349,"BCN":0.001274,"AE":1.15,"BTG":29.66,"BTM":0.0277,"SC":0.005795,"BTS":0.09405,"XVG":0.0128,"STEEM":0.7406,"ZRX":0.6839,"REP":13.7,"BCD":1.69,"MKR":682.08,"XRB":2.53,"DOGE":0.003153,"WAVES":1.75,"RHOC":0.1047,"GNT":0.1645,"DGB":0.01949,"NAS":1.39,"STRAT":1.43,"PPT":3.41,"WAN":0.9208,"BAT":0.2523,"BTCP":2,"HSR":1.65,"SNT":0.03647,"HT":1.56,"KCS":1.11,"IOST":0.01184,"DGD":38.56,"LRC":0.09927,"WTC":3.01,"KMD":1.15,"ARK":0.7068,"MITH":0.2718,"GAS":4.9,"MCO":4.22,"NXT":0.06495,"ICN":0.3592}