{"BTC":6586.15,"ETH":222.33,"XRP":0.5305,"BCH":515.63,"EOS":5.82,"LTC":58.32,"XLM":0.2432,"ADA":0.0822,"TRX":0.02288,"XMR":114.56,"NEO":18.08,"DASH":180.87,"BNB":10.28,"ETC":11.08,"VEN":1.4,"XEM":0.1048,"ONT":1.93,"QTUM":3.8,"OMG":3.49,"ZEC":124.73,"ICX":0.816,"LSK":3.22,"DCR":41.29,"ZIL":0.0369,"BCN":0.002239,"AE":1.06,"BTG":26.08,"BTM":0.1901,"SC":0.007574,"BTS":0.1114,"XVG":0.01554,"STEEM":0.8502,"ZRX":0.642,"REP":12.98,"BCD":1.5,"MKR":520.01,"XRB":2.53,"DOGE":0.00568,"WAVES":2.19,"RHOC":0.2094,"GNT":0.1509,"DGB":0.02568,"NAS":1.67,"STRAT":1.53,"PPT":3.29,"WAN":1.03,"BAT":0.1709,"BTCP":2.47,"HSR":2.37,"SNT":0.03728,"HT":1.78,"KCS":1.2,"IOST":0.01278,"DGD":38.09,"LRC":0.1109,"WTC":2.82,"KMD":1.14,"ARK":0.7053,"MITH":0.2883,"GAS":5.67,"MCO":4.6,"NXT":0.06784,"ICN":0.3939}