{"BTC":6573.42,"ETH":223.99,"XRP":0.4745,"BCH":515.52,"EOS":5.74,"LTC":57.66,"XLM":0.2425,"ADA":0.08386,"TRX":0.02579,"XMR":114.07,"NEO":18.08,"DASH":180.82,"BNB":10.46,"ETC":10.87,"VEN":1.33,"XEM":0.1055,"ONT":1.92,"QTUM":3.81,"OMG":3.46,"ZEC":124.94,"ICX":0.7435,"LSK":3.24,"DCR":40.08,"ZIL":0.03628,"BCN":0.002169,"AE":1.05,"BTG":27.03,"BTM":0.02695,"SC":0.007493,"BTS":0.1098,"XVG":0.01548,"STEEM":0.9209,"ZRX":0.719,"REP":12.75,"BCD":1.5,"MKR":600.35,"XRB":2.53,"DOGE":0.005525,"WAVES":2.12,"RHOC":0.2076,"GNT":0.1514,"DGB":0.02616,"NAS":1.69,"STRAT":1.49,"PPT":3.39,"WAN":1.04,"BAT":0.1764,"BTCP":2.84,"HSR":2.26,"SNT":0.0397,"HT":1.78,"KCS":1.17,"IOST":0.01275,"DGD":41.64,"LRC":0.1101,"WTC":2.93,"KMD":1.12,"ARK":0.7263,"MITH":0.2791,"GAS":5.74,"MCO":4.42,"NXT":0.06787,"ICN":0.3925}