{"BTC":6629.92,"ETH":220.58,"XRP":0.5363,"BCH":537.34,"EOS":5.73,"LTC":61.84,"XLM":0.2518,"ADA":0.084,"TRX":0.02191,"XMR":116.58,"NEO":19.16,"DASH":186.76,"BNB":9.96,"ETC":11.21,"VEN":2.72,"XEM":0.09474,"ONT":2,"QTUM":3.85,"OMG":3.51,"ZEC":135.48,"ICX":0.5854,"LSK":3.26,"DCR":38.61,"ZIL":0.03507,"BCN":0.002321,"AE":0.9938,"BTG":27.3,"BTM":0.1799,"SC":0.006166,"BTS":0.1139,"XVG":0.01436,"STEEM":0.9043,"ZRX":0.6596,"REP":13.07,"BCD":1.41,"MKR":474.46,"XRB":2.53,"DOGE":0.005975,"WAVES":2.21,"RHOC":0.2514,"GNT":0.1554,"DGB":0.02612,"NAS":1.4,"STRAT":1.56,"PPT":3.16,"WAN":0.9249,"BAT":0.1681,"BTCP":2.71,"HSR":2.26,"SNT":0.0368,"HT":1.81,"KCS":1.26,"IOST":0.0124,"DGD":37.42,"LRC":0.09965,"WTC":2.87,"KMD":1.2,"ARK":0.7094,"MITH":0.2947,"GAS":7,"MCO":4.42,"NXT":0.07167,"ICN":0.3769}