{"BTC":7973.57,"ETH":256.33,"XRP":0.399,"BCH":419.85,"EOS":6.29,"LTC":91.72,"XLM":0.1346,"ADA":0.08511,"MIOTA":0.4177,"TRX":0.02848,"XMR":89.3,"NEO":12.26,"DASH":166.39,"BNB":32.5,"ETC":7.43,"VEN":0.512,"XEM":0.08787,"ONT":1.4,"QTUM":3.18,"OMG":2.11,"ZEC":75.07,"ICX":0.4067,"LSK":2.02,"DCR":29.7,"ZIL":0.02081,"BCN":0.0009562,"AE":0.5452,"BTG":23.25,"BTM":0.1155,"SC":0.003426,"BTS":0.06622,"XVG":0.01084,"STEEM":0.3889,"ZRX":0.332,"REP":20.58,"BCD":1.06,"MKR":667.79,"XRB":3.36,"DOGE":0.003028,"WAVES":2.46,"RHOC":0.0294,"GNT":0.09267,"DGB":0.01426,"NAS":1.15,"STRAT":0.9411,"PPT":1.01,"WAN":0.4033,"BAT":0.3703,"BTCP":0.3772,"HSR":1.3,"SNT":0.02685,"HT":2.72,"KCS":1.08,"IOST":0.01267,"DGD":36.3,"LRC":0.06605,"WTC":2.26,"KMD":1.2,"ARK":0.6185,"MITH":0.05171,"GAS":2.8,"MCO":5,"NXT":0.0345,"ICN":0.2468}